Stock_Code,Source
NIFTYBEES,ETF
JUNIORBEES,ETF
LIQUIDBEES,ETF
BANKBEES,ETF
GOLDBEES,ETF
GOLDSHARE,ETF
GOLD1,ETF
PSUBNKBEES,ETF
PSUBANK,ETF
QGOLDHALF,ETF
QNIFTY,ETF
SHARIABEES,ETF
SETFGOLD,ETF
NIFTY1,ETF
HNGSNGBEES,ETF
IVZINGOLD,ETF
MOM50,ETF
HDFCGOLD,ETF
GOLDIETF,ETF
INFRABEES,ETF
AXISGOLD,ETF
MOM100,ETF
MON100,ETF
BSLGOLDETF,ETF
IVZINNIFTY,ETF
BSLNIFTY,ETF
LICMFGOLD,ETF
NIFTYIETF,ETF
NIF100BEES,ETF
NIF100IETF,ETF
CPSEETF,ETF
CONSUMBEES,ETF
DIVOPPBEES,ETF
SENSEXIETF,ETF
BANKNIFTY1,ETF
LICNETFGSC,ETF
SETFNIFBK,ETF
SETFNN50,ETF
NV20BEES,ETF
SETFNIF50,ETF
UTINIFTETF,ETF
UTISENSETF,ETF
LICNETFN50,ETF
LICNETFSEN,ETF
NV20,ETF
HDFCNIFTY,ETF
HDFCSENSEX,ETF
LICNFNHGP,ETF
SETF10GILT,ETF
NV20IETF,ETF
MIDSELIETF,ETF
LTGILTBEES,ETF
IDFNIFTYET,ETF
AXISNIFTY,ETF
LOWVOLIETF,ETF
UTINEXT50,ETF
ICICIB22,ETF
LIQUIDETF,ETF
BSE500IETF,ETF
NEXT50IETF,ETF
LIQUIDIETF,ETF
NIFTYETF,ETF
SBIETFQLTY,ETF
ABSLNN50ET,ETF
NETF,ETF
MID150BEES,ETF
UTISXN50,ETF
BANKIETF,ETF
PVTBANIETF,ETF
NPBET,ETF
ABSLBANETF,ETF
EBBETF0430,ETF
MIDCAPIETF,ETF
NEXT50,ETF
ITBEES,ETF
EBBETF0431,ETF
ALPL30IETF,ETF
ITIETF,ETF
HDFCNIFBAN,ETF
UTIBANKETF,ETF
SBIETFIT,ETF
SBIETFPB,ETF
AXISBNKETF,ETF
ESG,ETF
MOGSEC,ETF
IT,ETF
AXISTECETF,ETF
SDL26BEES,ETF
GILT5YBEES,ETF
MAFANG,ETF
AXISBPSETF,ETF
AXISHCETF,ETF
HEALTHIETF,ETF
PHARMABEES,ETF
SBIETFCON,ETF
BFSI,ETF
FMCGIETF,ETF
AXISCETF,ETF
MASPTOP50,ETF
BSLSENETFG,ETF
HEALTHY,ETF
CONSUMIETF,ETF
TECH,ETF
EQUAL50ADD,ETF
MAHKTECH,ETF
BBETF0432,ETF
ALPHA,ETF
MONQ50,ETF
NIFTY50ADD,ETF
MIDQ50ADD,ETF
AUTOIETF,ETF
AUTOBEES,ETF
SILVERIETF,ETF
MAKEINDIA,ETF
SILVER,ETF
MIDCAP,ETF
SILVERBEES,ETF
MOMOMENTUM,ETF
GSEC5IETF,ETF
MIDCAPETF,ETF
LOWVOL1,ETF
MOLOWVOL,ETF
TNIDETF,ETF
MOHEALTH,ETF
CONS,ETF
MOM30IETF,ETF
HDFCNEXT50,ETF
HDFCNIF100,ETF
MNC,ETF
MOMENTUM,ETF
NIFTYQLITY,ETF
INFRAIETF,ETF
SILVERADD,ETF
MOQUALITY,ETF
MOVALUE,ETF
HDFCSILVER,ETF
AXISILVER,ETF
HDFCVALUE,ETF
HDFCGROWTH,ETF
HDFCQUAL,ETF
HDFCLOWVOL,ETF
HDFCMOMENT,ETF
HDFCNIFIT,ETF
HDFCPVTBAN,ETF
FINIETF,ETF
SILVER1,ETF
GSEC10IETF,ETF
EBBETF0433,ETF
COMMOIETF,ETF
BANKETFADD,ETF
LIQUID1,ETF
HDFCSML250,ETF
HDFCMID150,ETF
HDFCBSE500,ETF
GOLDETF,ETF
ABSLLIQUID,ETF
PSUBNKIETF,ETF
AXSENSEX,ETF
LOWVOL,ETF
GSEC10YEAR,ETF
SILVERETF,ETF
GOLDETFADD,ETF
SILVRETF,ETF
ITETFADD,ETF
BANKETF,ETF
LIQUID,ETF
PVTBANKADD,ETF
PSUBANKADD,ETF
SENSEXADD,ETF
QUAL30IETF,ETF
HDFCLIQUID,ETF
NIFMID150,ETF
SENSEXETF,ETF
MONIFTY500,ETF
ITETF,ETF
ALPHAETF,ETF
LIQUIDSBI,ETF
EGOLD,ETF
ESILVER,ETF
BBNPPGOLD,ETF
TATSILV,ETF
TATAGOLD,ETF
LIQUIDCASE,ETF
NIFTYBETF,ETF
BANKBETF,ETF
NIFITETF,ETF
NIF10GETF,ETF
NIF5GETF,ETF
HEALTHADD,ETF
HDFCPSUBK,ETF
LICNMID100,ETF
SMALLCAP,ETF
GOLDCASE,ETF
MOREALTY,ETF
MOSMALL250,ETF
LIQUIDADD,ETF
ABSLPSE,ETF
MIDSMALL,ETF
LIQUIDBETF,ETF
TOP100CASE,ETF
MID150CASE,ETF
BBNPNBETF,ETF
SBISILVER,ETF
LIQUIDSHRI,ETF
ABGSEC,ETF
EVINDIA,ETF
SBINEQWETF,ETF
OILIETF,ETF
GROWWEV,ETF
GSEC10ABSL,ETF
METALIETF,ETF
MODEFENCE,ETF
MULTICAP,ETF
TOP10ADD,ETF
EBANKNIFTY,ETF
GROWWLIQID,ETF
MOMENTUM50,ETF
BANKPSU,ETF
METAL,ETF
GROWWDEFNC,ETF
VAL30IETF,ETF
GROWWGOLD,ETF
EMULTIMQ,ETF
LIQUIDPLUS,ETF
CONSUMER,ETF
ECAPINSURE,ETF
NEXT30ADD,ETF
GROWWRAIL,ETF
UNIONGOLD,ETF
MSCIINDIA,ETF
GROWWN200,ETF
NIFTY100EW,ETF
AONETOTAL,ETF
MOCAPITAL,ETF
GOLD360,ETF
SELECTIPO,ETF
EQUAL200,ETF
CASHIETF,ETF
AXISVALUE,ETF
SILVERCASE,ETF
SBIBPB,ETF
MID150,ETF
AONELIQUID,ETF
SILVER360,ETF
EVIETF,ETF
GROWWMOM50,ETF
MON50EQUAL,ETF
MONEXT50,ETF
EQUAL50,ETF
MOINFRA,ETF
GROWWSLVR,ETF
AONENIFTY,ETF
MOMGF,ETF
MOPSE,ETF
MOTOUR,ETF
SNXT30BEES,ETF
GROWWLOVOL,ETF
TOP15IETF,ETF
MOMIDMTM,ETF
GROWWNET,ETF
ABB,Index
ADANIENSOL,Index
ADANIENT,Index
ADANIGREEN,Index
ADANIPORTS,Index
ADANIPOWER,Index
AMBUJACEM,Index
APOLLOHOSP,Index
ASIANPAINT,Index
DMART,Index
AXISBANK,Index
BAJAJ-AUTO,Index
BAJFINANCE,Index
BAJAJFINSV,Index
BAJAJHLDNG,Index
BAJAJHFL,Index
BANKBARODA,Index
BEL,Index
BPCL,Index
BHARTIARTL,Index
BOSCHLTD,Index
BRITANNIA,Index
CGPOWER,Index
CANBK,Index
CHOLAFIN,Index
CIPLA,Index
COALINDIA,Index
DLF,Index
DABUR,Index
DIVISLAB,Index
DRREDDY,Index
EICHERMOT,Index
ETERNAL,Index
GAIL,Index
GODREJCP,Index
GRASIM,Index
HCLTECH,Index
HDFCBANK,Index
HDFCLIFE,Index
HAVELLS,Index
HEROMOTOCO,Index
HINDALCO,Index
HAL,Index
HINDUNILVR,Index
HYUNDAI,Index
ICICIBANK,Index
ICICIGI,Index
ICICIPRULI,Index
ITC,Index
INDHOTEL,Index
IOC,Index
IRFC,Index
INDUSINDBK,Index
NAUKRI,Index
INFY,Index
INDIGO,Index
JSWENERGY,Index
JSWSTEEL,Index
JINDALSTEL,Index
JIOFIN,Index
KOTAKBANK,Index
LTIM,Index
LT,Index
LICI,Index
LODHA,Index
M&M,Index
MARUTI,Index
NTPC,Index
NESTLEIND,Index
ONGC,Index
PIDILITIND,Index
PFC,Index
POWERGRID,Index
PNB,Index
RECLTD,Index
RELIANCE,Index
SBILIFE,Index
MOTHERSON,Index
SHREECEM,Index
SHRIRAMFIN,Index
SIEMENS,Index
SBIN,Index
SUNPHARMA,Index
SWIGGY,Index
TVSMOTOR,Index
TCS,Index
TATACONSUM,Index
TATAMOTORS,Index
TATAPOWER,Index
TATASTEEL,Index
TECHM,Index
TITAN,Index
TORNTPHARM,Index
TRENT,Index
ULTRACEMCO,Index
UNITDSPR,Index
VBL,Index
VEDL,Index
WIPRO,Index
ZYDUSLIFE,Index
ACC,Index
APLAPOLLO,Index
AUBANK,Index
ATGL,Index
ABCAPITAL,Index
ABFRL,Index
ALKEM,Index
APOLLOTYRE,Index
ASHOKLEY,Index
ASTRAL,Index
AUROPHARMA,Index
BSE,Index
BANDHANBNK,Index
BANKINDIA,Index
MAHABANK,Index
BDL,Index
BHARATFORG,Index
BHEL,Index
BHARTIHEXA,Index
BIOCON,Index
COCHINSHIP,Index
COFORGE,Index
COLPAL,Index
CONCOR,Index
CUMMINSIND,Index
DIXON,Index
ESCORTS,Index
EXIDEIND,Index
NYKAA,Index
FEDERALBNK,Index
GMRAIRPORT,Index
GLENMARK,Index
GODREJPROP,Index
HDFCAMC,Index
HINDPETRO,Index
HINDZINC,Index
HUDCO,Index
IDFCFIRSTB,Index
IRB,Index
INDIANB,Index
IRCTC,Index
IREDA,Index
IGL,Index
INDUSTOWER,Index
JUBLFOOD,Index
KPITTECH,Index
KALYANKJIL,Index
LTF,Index
LICHSGFIN,Index
LUPIN,Index
MRF,Index
M&MFIN,Index
MANKIND,Index
MARICO,Index
MFSL,Index
MAXHEALTH,Index
MAZDOCK,Index
MOTILALOFS,Index
MPHASIS,Index
MUTHOOTFIN,Index
NHPC,Index
NMDC,Index
NTPCGREEN,Index
NATIONALUM,Index
OBEROIRLTY,Index
OIL,Index
OLAELEC,Index
PAYTM,Index
OFSS,Index
POLICYBZR,Index
PIIND,Index
PAGEIND,Index
PATANJALI,Index
PERSISTENT,Index
PETRONET,Index
PHOENIXLTD,Index
POLYCAB,Index
PREMIERENE,Index
PRESTIGE,Index
RVNL,Index
SBICARD,Index
SJVN,Index
SRF,Index
SOLARINDS,Index
SONACOMS,Index
SAIL,Index
SUPREMEIND,Index
SUZLON,Index
TATACOMM,Index
TATAELXSI,Index
TATATECH,Index
TORNTPOWER,Index
TIINDIA,Index
UPL,Index
UNIONBANK,Index
VMM,Index
IDEA,Index
VOLTAS,Index
WAAREEENER,Index
YESBANK,Index
360ONE,Index
3MINDIA,Index
ACMESOLAR,Index
AIAENG,Index
AWL,Index
AADHARHFC,Index
AARTIIND,Index
AAVAS,Index
ABBOTINDIA,Index
ACE,Index
ABREL,Index
ABSLAMC,Index
AEGISLOG,Index
AFCONS,Index
AFFLE,Index
AJANTPHARM,Index
AKUMS,Index
APLLTD,Index
ALIVUS,Index
ALKYLAMINE,Index
ALOKINDS,Index
ARE&M,Index
AMBER,Index
ANANDRATHI,Index
ANANTRAJ,Index
ANGELONE,Index
APARINDS,Index
APTUS,Index
ASAHIINDIA,Index
ASTERDM,Index
ASTRAZEN,Index
ATUL,Index
AIIL,Index
BASF,Index
BEML,Index
BLS,Index
BALKRISIND,Index
BALRAMCHIN,Index
BATAINDIA,Index
BAYERCROP,Index
BERGEPAINT,Index
BIKAJI,Index
BSOFT,Index
BLUEDART,Index
BLUESTARCO,Index
BBTC,Index
FIRSTCRY,Index
BRIGADE,Index
MAPMYINDIA,Index
CCL,Index
CESC,Index
CRISIL,Index
CAMPUS,Index
CANFINHOME,Index
CAPLIPOINT,Index
CGCL,Index
CARBORUNIV,Index
CASTROLIND,Index
CEATLTD,Index
CENTRALBK,Index
CDSL,Index
CENTURYPLY,Index
CERA,Index
CHALET,Index
CHAMBLFERT,Index
CHENNPETRO,Index
CHOLAHLDNG,Index
CUB,Index
CLEAN,Index
COHANCE,Index
CAMS,Index
CONCORDBIO,Index
COROMANDEL,Index
CRAFTSMAN,Index
CREDITACC,Index
CROMPTON,Index
CYIENT,Index
DCMSHRIRAM,Index
DOMS,Index
DALBHARAT,Index
DATAPATTNS,Index
DEEPAKFERT,Index
DEEPAKNTR,Index
DELHIVERY,Index
DEVYANI,Index
LALPATHLAB,Index
EIDPARRY,Index
EIHOTEL,Index
ELECON,Index
ELGIEQUIP,Index
EMAMILTD,Index
EMCURE,Index
ENDURANCE,Index
ENGINERSIN,Index
ERIS,Index
FACT,Index
FINCABLES,Index
FINPIPE,Index
FSL,Index
FIVESTAR,Index
FORTIS,Index
GVT&D,Index
GRSE,Index
GICRE,Index
GILLETTE,Index
GLAND,Index
GLAXO,Index
MEDANTA,Index
GODIGIT,Index
GPIL,Index
GODFRYPHLP,Index
GODREJAGRO,Index
GODREJIND,Index
GRANULES,Index
GRAPHITE,Index
GRAVITA,Index
GESHIP,Index
FLUOROCHEM,Index
GUJGASLTD,Index
GMDCLTD,Index
GNFC,Index
GPPL,Index
GSPL,Index
HEG,Index
HBLENGINE,Index
HFCL,Index
HAPPSTMNDS,Index
HSCL,Index
HINDCOPPER,Index
POWERINDIA,Index
HOMEFIRST,Index
HONASA,Index
HONAUT,Index
IDBI,Index
IFCI,Index
IIFL,Index
INOXINDIA,Index
IRCON,Index
ITI,Index
INDGN,Index
INDIACEM,Index
INDIAMART,Index
IEX,Index
IOB,Index
INOXWIND,Index
INTELLECT,Index
IGIL,Index
IKS,Index
IPCALAB,Index
JBCHEPHARM,Index
JKCEMENT,Index
JBMA,Index
JKTYRE,Index
JMFINANCIL,Index
JSWHL,Index
JSWINFRA,Index
JPPOWER,Index
J&KBANK,Index
JINDALSAW,Index
JSL,Index
JUBLINGREA,Index
JUBLPHARMA,Index
JWL,Index
JUSTDIAL,Index
JYOTHYLAB,Index
JYOTICNC,Index
KPRMILL,Index
KEI,Index
KNRCON,Index
KAJARIACER,Index
KPIL,Index
KANSAINER,Index
KARURVYSYA,Index
KAYNES,Index
KEC,Index
KFINTECH,Index
KIRLOSBROS,Index
KIRLOSENG,Index
KIMS,Index
LTTS,Index
LTFOODS,Index
LATENTVIEW,Index
LAURUSLABS,Index
LEMONTREE,Index
LINDEINDIA,Index
LLOYDSME,Index
MMTC,Index
MGL,Index
MAHSEAMLES,Index
MANAPPURAM,Index
MRPL,Index
MASTEK,Index
METROPOLIS,Index
MINDACORP,Index
MSUMI,Index
MCX,Index
NATCOPHARM,Index
NBCC,Index
NCC,Index
NLCINDIA,Index
NSLNISP,Index
NH,Index
NAVA,Index
NAVINFLUOR,Index
NETWEB,Index
NETWORK18,Index
NEULANDLAB,Index
NEWGEN,Index
NAM-INDIA,Index
NIVABUPA,Index
NUVAMA,Index
OLECTRA,Index
PCBL,Index
PGEL,Index
PNBHOUSING,Index
PNCINFRA,Index
PTCIL,Index
PVRINOX,Index
PFIZER,Index
PEL,Index
PPLPHARMA,Index
POLYMED,Index
POONAWALLA,Index
PRAJIND,Index
RRKABEL,Index
RBLBANK,Index
RHIM,Index
RITES,Index
RADICO,Index
RAILTEL,Index
RAINBOW,Index
RKFORGE,Index
RCF,Index
RTNINDIA,Index
RAYMONDLSL,Index
RAYMOND,Index
RAYMONDREL,Index
REDINGTON,Index
RPOWER,Index
ROUTE,Index
SBFC,Index
SKFINDIA,Index
SAGILITY,Index
SAILIFE,Index
SAMMAANCAP,Index
SAPPHIRE,Index
SARDAEN,Index
SAREGAMA,Index
SCHAEFFLER,Index
SCHNEIDER,Index
SCI,Index
RENUKA,Index
SHYAMMETL,Index
SIGNATURE,Index
SOBHA,Index
SONATSOFTW,Index
STARHEALTH,Index
SWSOLAR,Index
SUMICHEM,Index
SUNTV,Index
SUNDARMFIN,Index
SUNDRMFAST,Index
SWANENERGY,Index
SYNGENE,Index
SYRMA,Index
TBOTEK,Index
TANLA,Index
TATACHEM,Index
TATAINVEST,Index
TTML,Index
TECHNOE,Index
TEJASNET,Index
NIACL,Index
RAMCOCEM,Index
THERMAX,Index
TIMKEN,Index
TITAGARH,Index
TARIL,Index
TRIDENT,Index
TRIVENI,Index
TRITURBINE,Index
UCOBANK,Index
UNOMINDA,Index
UTIAMC,Index
UBL,Index
USHAMART,Index
VGUARD,Index
DBREALTY,Index
VTL,Index
MANYAVAR,Index
VIJAYA,Index
WELCORP,Index
WELSPUNLIV,Index
WESTLIFE,Index
WHIRLPOOL,Index
WOCKPHARMA,Index
ZFCVINDIA,Index
ZEEL,Index
ZENTEC,Index
ZENSARTECH,Index
ECLERX,Index
AGI,Index
ASKAUTOLTD,Index
AARTIDRUGS,Index
AARTIPHARM,Index
ACUTAAS,Index
AVL,Index
ADVENZYMES,Index
AETHER,Index
AHLUCONT,Index
AKZOINDIA,Index
ALLCARGO,Index
ABDL,Index
PARKHOTELS,Index
ACI,Index
ARVINDFASN,Index
ARVIND,Index
ASHOKA,Index
ASTRAMICRO,Index
AURIONPRO,Index
AVALON,Index
AVANTIFEED,Index
AWFIS,Index
AZAD,Index
BAJAJHIND,Index
BALAMINES,Index
BALUFORGE,Index
BANCOINDIA,Index
BANSALWIRE,Index
BEPL,Index
BBL,Index
BIRLACORPN,Index
BLUEJET,Index
BOMDYEING,Index
BOROLTD,Index
BORORENEW,Index
CIEINDIA,Index
CMSINFO,Index
CSBBANK,Index
CARTRADE,Index
CEIGALL,Index
CELLO,Index
CHEMPLASTS,Index
CHOICEIN,Index
CIGNITITEC,Index
CYIENTDLM,Index
DCBBANK,Index
DCXINDIA,Index
DATAMATICS,Index
DHANI,Index
DBL,Index
DCAL,Index
DODLA,Index
DUMMYSTLTE,Index
DYNAMATECH,Index
EPL,Index
EASEMYTRIP,Index
EDELWEISS,Index
EMIL,Index
ELECTCAST,Index
EMBDL,Index
ENTERO,Index
EIEL,Index
EPIGRAL,Index
EQUITASBNK,Index
ETHOSLTD,Index
EUREKAFORB,Index
FDC,Index
FIEMIND,Index
FINEORG,Index
FCL,Index
FORCEMOT,Index
GRINFRA,Index
GHCL,Index
GMMPFAUDLR,Index
GMRP&UI,Index
GABRIEL,Index
GANESHHOUC,Index
GANECOS,Index
GRWRHITECH,Index
GARFIBRES,Index
GATEWAY,Index
GOKEX,Index
GOPAL,Index
GREAVESCOT,Index
GREENPANEL,Index
GREENPLY,Index
GAEL,Index
GSFC,Index
GULFOILLUB,Index
HGINFRA,Index
HATHWAY,Index
HCG,Index
HEIDELBERG,Index
HEMIPROP,Index
HERITGFOOD,Index
HIKAL,Index
HCC,Index
IFBIND,Index
IIFLCAPS,Index
ITDCEM,Index
IMAGICAA,Index
INDIAGLYCO,Index
INDIASHLTR,Index
IMFA,Index
INDIGOPNTS,Index
ICIL,Index
INFIBEAM,Index
INGERRAND,Index
INNOVACAP,Index
INOXGREEN,Index
IONEXCHANG,Index
ISGEC,Index
JKIL,Index
JKLAKSHMI,Index
JKPAPER,Index
JTLIND,Index
JAIBALAJI,Index
JAICORPLTD,Index
JISLJALEQS,Index
JAMNAAUTO,Index
JSFB,Index
JINDWORLD,Index
JCHAC,Index
KPIGREEN,Index
KRBL,Index
KSB,Index
KSL,Index
KTKBANK,Index
KSCL,Index
KIRLPNU,Index
LMW,Index
LXCHEM,Index
IXIGO,Index
LLOYDSENGG,Index
LLOYDSENT,Index
LUXIND,Index
MOIL,Index
MSTCLTD,Index
MTARTECH,Index
MAHSCOOTER,Index
MAHLIFE,Index
MANINFRA,Index
MARKSANS,Index
MAXESTATES,Index
MEDPLUS,Index
MIDHANI,Index
BECTORFOOD,Index
NEOGEN,Index
NESCO,Index
NOCIL,Index
NFL,Index
NAZARA,Index
NUVOCO,Index
OPTIEMUS,Index
ORCHPHARMA,Index
ORIENTCEM,Index
ORISSAMINE,Index
PNGJL,Index
PCJEWELLER,Index
PTC,Index
PAISALO,Index
PARADEEP,Index
PARAS,Index
PATELENG,Index
PGIL,Index
POLYPLEX,Index
POWERMECH,Index
PRICOLLTD,Index
PRINCEPIPE,Index
PRSMJOHNSN,Index
PRUDENT,Index
RAIN,Index
RAJESHEXPO,Index
RALLIS,Index
RATEGAIN,Index
RTNPOWER,Index
REDTAPE,Index
REFEX,Index
RELINFRA,Index
RELIGARE,Index
RESPONIND,Index
RBA,Index
ROSSARI,Index
SAFARI,Index
SAMHI,Index
SANOFICONR,Index
SANOFI,Index
SANSERA,Index
SENCO,Index
SEQUENT,Index
SHAILY,Index
SHAKTIPUMP,Index
SHARDACROP,Index
SHAREINDIA,Index
SFL,Index
SHILPAMED,Index
SBCL,Index
SHOPERSTOP,Index
SHRIPISTON,Index
SKIPPER,Index
SOUTHBANK,Index
SPANDANA,Index
STARCEMENT,Index
STLTECH,Index
STAR,Index
STYLAMIND,Index
SUBROS,Index
SUDARSCHEM,Index
SULA,Index
SPARC,Index
SUNFLAG,Index
SUNTECK,Index
SUPRAJIT,Index
SUPRIYA,Index
SURYAROSNI,Index
SYMPHONY,Index
TARC,Index
TDPOWERSYS,Index
TVSSCS,Index
TEAMLEASE,Index
TIIL,Index
TEGA,Index
TEXRAIL,Index
THANGAMAYL,Index
ANUP,Index
TIRUMALCHM,Index
THOMASCOOK,Index
TI,Index
TIMETECHNO,Index
TIPSMUSIC,Index
TRANSRAILL,Index
UJJIVANSFB,Index
UNIMECH,Index
VMART,Index
VIPIND,Index
VSTIND,Index
WABAG,Index
VAIBHAVGBL,Index
VARROC,Index
VENTIVE,Index
VENUSPIPES,Index
VESUVIUS,Index
VOLTAMP,Index
WEBELSOLAR,Index
WELENT,Index
WONDERLA,Index
YATHARTH,Index
ZAGGLE,Index
BLACKBUCK,Index
ZYDUSWELL,Index
EMUDHRA,Index
20MICRONS,Index
21STCENMGM,Index
3IINFOLTD,Index
3PLAND,Index
5PAISA,Index
63MOONS,Index
A2ZINFRA,Index
AAATECH,Index
AAKASH,Index
AAREYDRUGS,Index
AARON,Index
AARTECH,Index
AARTISURF,Index
AARVEEDEN,Index
AARVI,Index
ABAN,Index
ABINFRA,Index
ABLBL,Index
ABMINTLLTD,Index
ACCELYA,Index
ACCURACY,Index
ACEINTEG,Index
ACL,Index
ACLGATI,Index
ADFFOODS,Index
ADL,Index
ADOR,Index
ADROITINFO,Index
ADSL,Index
ADVANIHOTR,Index
AEGISVOPAK,Index
AEROENTER,Index
AEROFLEX,Index
AFFORDABLE,Index
AFIL,Index
AFSL,Index
AGARIND,Index
AGARWALEYE,Index
AGIIL,Index
AGRITECH,Index
AGROPHOS,Index
AGSTRA,Index
AHLADA,Index
AHLEAST,Index
AIRAN,Index
AIROLAM,Index
AJAXENGG,Index
AJMERA,Index
AJOONI,Index
AKASH,Index
AKG,Index
AKI,Index
AKSHAR,Index
AKSHARCHEM,Index
AKSHOPTFBR,Index
ALANKIT,Index
ALBERTDAVD,Index
ALEMBICLTD,Index
ALICON,Index
ALKALI,Index
ALLDIGI,Index
ALMONDZ,Index
ALPA,Index
ALPHAGEO,Index
AMBICAAGAR,Index
AMBIKCO,Index
AMDIND,Index
AMJLAND,Index
AMNPLST,Index
AMRUTANJAN,Index
ANDHRAPAP,Index
ANDHRSUGAR,Index
ANIKINDS,Index
ANKITMETAL,Index
ANMOL,Index
ANSALAPI,Index
ANTGRAPHIC,Index
ANUHPHR,Index
ANURAS,Index
APCL,Index
APCOTEXIND,Index
APEX,Index
APOLLO,Index
APOLLOPIPE,Index
APOLSINHOT,Index
APTECHT,Index
ARCHIDPLY,Index
ARCHIES,Index
ARENTERP,Index
ARIES,Index
ARIHANTCAP,Index
ARIHANTSUP,Index
ARISINFRA,Index
ARKADE,Index
ARMANFIN,Index
AROGRANITE,Index
ARROWGREEN,Index
ARSHIYA,Index
ARSSINFRA,Index
ARTEMISMED,Index
ARTNIRMAN,Index
ARVEE,Index
ARVSMART,Index
ASAHISONG,Index
ASAL,Index
ASALCBR,Index
ASHAPURMIN,Index
ASHIANA,Index
ASHIMASYN,Index
ASHOKAMET,Index
ASIANENE,Index
ASIANHOTNR,Index
ASIANTILES,Index
ASMS,Index
ASPINWALL,Index
ASTEC,Index
ASTRON,Index
ATALREAL,Index
ATAM,Index
ATHERENERG,Index
ATL,Index
ATLANTAA,Index
ATLASCYCLE,Index
ATULAUTO,Index
AURUM,Index
AUSOMENT,Index
AUTOAXLES,Index
AUTOIND,Index
AVADHSUGAR,Index
AVANTEL,Index
AVG,Index
AVONMORE,Index
AVROIND,Index
AVTNPL,Index
AWHCL,Index
AXISCADES,Index
AXITA,Index
AYMSYNTEX,Index
BAFNAPH,Index
BAGFILMS,Index
BAIDFIN,Index
BAJAJCON,Index
BAJAJELEC,Index
BAJAJHCARE,Index
BAJAJINDEF,Index
BAJEL,Index
BALAJEE,Index
BALAJITELE,Index
BALAXI,Index
BALKRISHNA,Index
BALMLAWRIE,Index
BALPHARMA,Index
BANARBEADS,Index
BANARISUG,Index
BANG,Index
BANKA,Index
BANSWRAS,Index
BARBEQUE,Index
BASML,Index
BBOX,Index
BBTCL,Index
BCLIND,Index
BCONCEPTS,Index
BEARDSELL,Index
BEDMUTHA,Index
BELRISE,Index
BESTAGRO,Index
BFINVEST,Index
BFUTILITIE,Index
BGRENERGY,Index
BHAGCHEM,Index
BHAGERIA,Index
BHAGYANGR,Index
BHANDARI,Index
BHARATGEAR,Index
BHARATRAS,Index
BHARATSE,Index
BHARATWIRE,Index
BIGBLOC,Index
BIL,Index
BINANIIND,Index
BIOFILCHEM,Index
BIRLACABLE,Index
BIRLAMONEY,Index
BIRLANU,Index
BLAL,Index
BLBLIMITED,Index
BLISSGVS,Index
BLKASHYAP,Index
BLSE,Index
BLUECOAST,Index
BLUSPRING,Index
BODALCHEM,Index
BOHRAIND,Index
BORANA,Index
BOROSCI,Index
BPL,Index
BRNL,Index
BROOKS,Index
BSHSL,Index
BSL,Index
BTML,Index
BUTTERFLY,Index
BVCL,Index
BYKE,Index
CALSOFT,Index
CAMLINFINE,Index
CANTABIL,Index
CAPACITE,Index
CAPITALSFB,Index
CAPTRU-RE,Index
CAPTRUST,Index
CARERATING,Index
CARRARO,Index
CARYSIL,Index
CCCL,Index
CCHHL,Index
CELEBRITY,Index
CENTENKA,Index
CENTEXT,Index
CENTRUM,Index
CENTUM,Index
CEREBRAINT,Index
CEWATER,Index
CHEMBOND,Index
CHEMCON,Index
CHEMFAB,Index
CHEVIOT,Index
CIFL,Index
CINELINE,Index
CINEVISTA,Index
CLEDUCATE,Index
CLSEL,Index
COASTCORP,Index
COFFEEDAY,Index
COMPINFO,Index
COMPUSOFT,Index
COMSYN,Index
CONFIPET,Index
CONSOFINVT,Index
CONTROLPR,Index
CORALFINAC,Index
CORDSCABLE,Index
COSMOFIRST,Index
COUNCODOS,Index
CPCAP,Index
CREATIVE,Index
CREATIVEYE,Index
CREST,Index
CROWN,Index
CSLFINANCE,Index
CTE,Index
CUBEXTUB,Index
CUPID,Index
CURAA,Index
CYBERMEDIA,Index
CYBERTECH,Index
DALMIASUG,Index
DAMCAPITAL,Index
DAMODARIND,Index
DANGEE,Index
DAVANGERE,Index
DBCORP,Index
DBEIL,Index
DBOL,Index
DBSTOCKBRO,Index
DCI,Index
DCM,Index
DCMFINSERV,Index
DCMNVL,Index
DCMSRIND,Index
DCW,Index
DDEVPLSTIK,Index
DECCANCE,Index
DEEDEV,Index
DEEPINDS,Index
DELPHIFX,Index
DELTACORP,Index
DELTAMAGNT,Index
DEN,Index
DENORA,Index
DENTA,Index
DEVIT,Index
DGCONTENT,Index
DHAMPURSUG,Index
DHANBANK,Index
DHANUKA,Index
DHARAN,Index
DHARMAJ,Index
DHRUV,Index
DHUNINV,Index
DIACABS,Index
DIAMINESQ,Index
DIAMONDYD,Index
DICIND,Index
DIFFNKG,Index
DIGIDRIVE,Index
DIGISPICE,Index
DIGITIDE,Index
DIGJAMLMTD,Index
DIL,Index
DISHTV,Index
DIVGIITTS,Index
DJML,Index
DLINKINDIA,Index
DMCC,Index
DNAMEDIA,Index
DOLATALGO,Index
DOLLAR,Index
DOLPHIN,Index
DONEAR,Index
DPABHUSHAN,Index
DPSCLTD,Index
DPWIRES,Index
DRCSYSTEMS,Index
DREAMFOLKS,Index
DREDGECORP,Index
DSSL,Index
DTIL,Index
DUCON,Index
DVL,Index
DWARKESH,Index
DYCL,Index
DYNPRO,Index
E2E,Index
ECOSMOBLTY,Index
EIFFL,Index
EIHAHOTELS,Index
EIMCOELECO,Index
EKC,Index
ELDEHSG,Index
ELECTHERM,Index
ELGIRUBCO,Index
ELIN,Index
ELLEN,Index
EMAMIPAP,Index
EMAMIREAL,Index
EMKAY,Index
EMMBI,Index
EMSLIMITED,Index
ENERGYDEV,Index
ENIL,Index
ENRIN,Index
EPACK,Index
EQUIPPP,Index
ESABINDIA,Index
ESAFSFB,Index
ESSARSHPNG,Index
ESSENTIA,Index
ESTER,Index
EUROTEXIND,Index
EVEREADY,Index
EVERESTIND,Index
EXCEL,Index
EXCELINDUS,Index
EXICOM,Index
EXPLEOSOL,Index
EXXARO,Index
FAIRCHEMOR,Index
FAZE3Q,Index
FCSSOFT,Index
FEDFINA,Index
FEL,Index
FELDVR,Index
FIBERWEB,Index
FILATEX,Index
FILATFASH,Index
FINOPB,Index
FLAIR,Index
FLEXITUFF,Index
FLFL,Index
FMGOETZE,Index
FMNL,Index
FOCUS,Index
FOODSIN,Index
FOSECOIND,Index
FSC,Index
FUSION,Index
GALAPREC,Index
GALAXYSURF,Index
GALLANTT,Index
GANDHAR,Index
GANDHITUBE,Index
GANESHBE,Index
GANGAFORGE,Index
GANGESSECU,Index
GARUDA,Index
GATECH,Index
GATECHDVR,Index
GAYAHWS,Index
GAYAPROJ,Index
GEECEE,Index
GEEKAYWIRE,Index
GENCON,Index
GENESYS,Index
GENSOL,Index
GENUSPAPER,Index
GENUSPOWER,Index
GEOJITFSL,Index
GEPIL,Index
GFLLIMITED,Index
GHCLTEXTIL,Index
GICHSGFIN,Index
GILLANDERS,Index
GINNIFILA,Index
GIPCL,Index
GKWLIMITED,Index
GLFL,Index
GLOBAL,Index
GLOBALE,Index
GLOBALVECT,Index
GLOBE,Index
GLOBECIVIL,Index
GLOBUSSPR,Index
GLOSTERLTD,Index
GMBREW,Index
GNA,Index
GOACARBON,Index
GOCLCORP,Index
GOCOLORS,Index
GODAVARIB,Index
GODHA,Index
GOENKA,Index
GOKUL,Index
GOKULAGRO,Index
GOLDENTOBC,Index
GOLDIAM,Index
GOLDTECH,Index
GOODLUCK,Index
GOYALALUM,Index
GPTHEALTH,Index
GPTINFRA,Index
GREENLAM,Index
GREENPOWER,Index
GRINDWELL,Index
GRMOVER,Index
GROBTEA,Index
GRPLTD,Index
GSLSU,Index
GSS,Index
GTECJAINX,Index
GTL,Index
GTLINFRA,Index
GTPL,Index
GUFICBIO,Index
GUJALKALI,Index
GUJAPOLLO,Index
GUJRAFFIA,Index
GUJTHEM,Index
GULFPETRO,Index
GULPOLY,Index
GVKPIL,Index
GVPTECH,Index
HAPPYFORGE,Index
HARDWYN,Index
HARIOMPIPE,Index
HARRMALAYA,Index
HARSHA,Index
HATSUN,Index
HAVISHA,Index
HBSL,Index
HCL-INSYS,Index
HDBFS,Index
HEADSUP,Index
HECPROJECT,Index
HERANBA,Index
HERCULES,Index
HESTERBIO,Index
HEUBACHIND,Index
HEXATRADEX,Index
HEXT,Index
HGS,Index
HILTON,Index
HIMATSEIDE,Index
HINDCOMPOS,Index
HINDCON,Index
HINDMOTORS,Index
HINDOILEXP,Index
HINDWAREAP,Index
HIRECT,Index
HISARMETAL,Index
HITECH,Index
HITECHCORP,Index
HITECHGEAR,Index
HLEGLAS,Index
HLVLTD,Index
HMAAGRO,Index
HMT,Index
HMVL,Index
HNDFDS,Index
HONDAPOWER,Index
HOVS,Index
HPAL,Index
HPIL,Index
HPL,Index
HTMEDIA,Index
HUBTOWN,Index
HUHTAMAKI,Index
HYBRIDFIN,Index
ICDSLTD,Index
ICEMAKE,Index
ICRA,Index
IDEAFORGE,Index
IEL,Index
IFBAGRO,Index
IFGLEXPOR,Index
IGARASHI,Index
IGCL,Index
IGPL,Index
IITL,Index
IKIO,Index
IL&FSENGG,Index
IL&FSTRANS,Index
IMPAL,Index
IMPEXFERRO,Index
INCREDIBLE,Index
INDBANK,Index
INDIANCARD,Index
INDIANHUME,Index
INDNIPPON,Index
INDOAMIN,Index
INDOBORAX,Index
INDOCO,Index
INDOFARM,Index
INDORAMA,Index
INDOSTAR,Index
INDOTECH,Index
INDOTHAI,Index
INDOUS,Index
INDOWIND,Index
INDRAMEDCO,Index
INDSWFTLAB,Index
INDSWFTLTD,Index
INDTERRAIN,Index
INFIBE-RE,Index
INFOBEAN,Index
INNOVANA,Index
INSECTICID,Index
INSPIRISYS,Index
INTENTECH,Index
INTERARCH,Index
INTLCONV,Index
INVENTURE,Index
IOLCP,Index
IPL,Index
IRIS,Index
IRISDOREME,Index
IRMENERGY,Index
ISFT,Index
ISHANCH,Index
ITCHOTELS,Index
ITDC,Index
IVC,Index
IVP,Index
IZMO,Index
JAGRAN,Index
JAGSNPHARM,Index
JAIPURKURT,Index
JASH,Index
JAYAGROGN,Index
JAYBARMARU,Index
JAYNECOIND,Index
JAYSREETEA,Index
JETFREIGHT,Index
JGCHEM,Index
JHS,Index
JINDALPHOT,Index
JINDALPOLY,Index
JINDRILL,Index
JISLDVREQS,Index
JITFINFRA,Index
JLHL,Index
JMA,Index
JNKINDIA,Index
JOCIL,Index
JPOLYINVST,Index
JTEKTINDIA,Index
JUBLCPL,Index
JUNIPER,Index
JYOTISTRUC,Index
KABRAEXTRU,Index
KAKATCEM,Index
KALAMANDIR,Index
KALPATARU,Index
KALYANI,Index
KALYANIFRG,Index
KAMATHOTEL,Index
KAMDHENU,Index
KAMOPAINTS,Index
KANANIIND,Index
KANORICHEM,Index
KANPRPLA,Index
KAPSTON,Index
KARMAENG,Index
KAUSHALYA,Index
KAVDEFENCE,Index
KAYA,Index
KCP,Index
KCPSUGIND,Index
KDDL,Index
KECL,Index
KEEPLEARN,Index
KELLTONTEC,Index
KERNEX,Index
KESORAMIND,Index
KEYFINSERV,Index
KHADIM,Index
KHAICHEM,Index
KHAITANLTD,Index
KHANDSE,Index
KICL,Index
KILITCH,Index
KINGFA,Index
KIOCL,Index
KIRIINDUS,Index
KIRLOSIND,Index
KITEX,Index
KKCL,Index
KMEW,Index
KMSUGAR,Index
KOHINOOR,Index
KOKUYOCMLN,Index
KOLTEPATIL,Index
KOPRAN,Index
KOTARISUG,Index
KOTHARIPET,Index
KOTHARIPRO,Index
KPEL,Index
KREBSBIO,Index
KRIDHANINF,Index
KRISHANA,Index
KRISHIVAL,Index
KRITI,Index
KRITIKA,Index
KRITINUT,Index
KRN,Index
KRONOX,Index
KROSS,Index
KRSNAA,Index
KRYSTAL,Index
KSHITIJPOL,Index
KSOLVES,Index
KUANTUM,Index
LAGNAM,Index
LAKPRE,Index
LAL,Index
LAMBODHARA,Index
LANCORHOL,Index
LANDMARK,Index
LAOPALA,Index
LASA,Index
LATTEYS,Index
LAXMICOT,Index
LAXMIDENTL,Index
LEXUS,Index
LFIC,Index
LGBBROSLTD,Index
LGHL,Index
LIBAS,Index
LIBERTSHOE,Index
LIKHITHA,Index
LINC,Index
LINCOLN,Index
LOKESHMACH,Index
LORDSCHLO,Index
LOTUSEYE,Index
LOVABLE,Index
LOYALTEX,Index
LPDC,Index
LUMAXIND,Index
LUMAXTECH,Index
LYKALABS,Index
LYPSAGEMS,Index
MAANALU,Index
MACPOWER,Index
MADHAV,Index
MADHUCON,Index
MADRASFERT,Index
MAGADSUGAR,Index
MAGNUM,Index
MAHAPEXLTD,Index
MAHASTEEL,Index
MAHEPC,Index
MAHESHWARI,Index
MAHLOG,Index
MAITHANALL,Index
MALLCOM,Index
MALUPAPER,Index
MAMATA,Index
MANAKALUCO,Index
MANAKCOAT,Index
MANAKSIA,Index
MANAKSTEEL,Index
MANALIPETC,Index
MANBA,Index
MANCREDIT,Index
MANGALAM,Index
MANGCHEFER,Index
MANGLMCEM,Index
MANINDS,Index
MANOMAY,Index
MANORAMA,Index
MANORG,Index
MANUGRAPH,Index
MARALOVER,Index
MARATHON,Index
MARINE,Index
MASFIN,Index
MASKINVEST,Index
MASTERTR,Index
MATRIMONY,Index
MAWANASUG,Index
MAXIND,Index
MAYURUNIQ,Index
MAZDA,Index
MBAPL,Index
MBLINFRA,Index
MCL,Index
MCLEODRUSS,Index
MCLOUD,Index
MEDIASSIST,Index
MEDICAMEQ,Index
MEDICO,Index
MEGASOFT,Index
MEGASTAR,Index
MENONBE,Index
MEP,Index
METROBRAND,Index
MFML,Index
MGEL,Index
MHLXMIRU,Index
MHRIL,Index
MICEL,Index
MINDTECK,Index
MIRCELECTR,Index
MIRZAINT,Index
MITCON,Index
MITTAL,Index
MKPL,Index
MMFL,Index
MMP,Index
MOBIKWIK,Index
MODIRUBBER,Index
MODISONLTD,Index
MODTHREAD,Index
MOHITIND,Index
MOKSH,Index
MOL,Index
MOLDTECH,Index
MOLDTKPAC,Index
MONARCH,Index
MONTECARLO,Index
MOREPENLAB,Index
MOSCHIP,Index
MOTISONS,Index
MOTOGENFIN,Index
MPSLTD,Index
MSPL,Index
MTEDUCARE,Index
MTNL,Index
MUFIN,Index
MUFTI,Index
MUKANDLTD,Index
MUKKA,Index
MUKTAARTS,Index
MUNJALAU,Index
MUNJALSHOW,Index
MURUDCERA,Index
MUTHOOTCAP,Index
MUTHOOTMF,Index
MVGJL,Index
NACLIND,Index
NAGAFERT,Index
NAGREEKCAP,Index
NAGREEKEXP,Index
NAHARCAP,Index
NAHARINDUS,Index
NAHARPOLY,Index
NAHARSPING,Index
NARMADA,Index
NATCAPSUQ,Index
NATHBIOGEN,Index
NAVKARCORP,Index
NAVKARURB,Index
NAVNETEDUL,Index
NBIFIN,Index
NCLIND,Index
NDGL,Index
NDL,Index
NDLVENTURE,Index
NDRAUTO,Index
NDTV,Index
NECCLTD,Index
NECLIFE,Index
NELCAST,Index
NELCO,Index
NEXTMEDIA,Index
NGIL,Index
NGLFINE,Index
NIBE,Index
NIBL,Index
NIITLTD,Index
NIITMTS,Index
NILAINFRA,Index
NILASPACES,Index
NILKAMAL,Index
NINSYS,Index
NIPPOBATRY,Index
NIRAJ,Index
NIRAJISPAT,Index
NITCO,Index
NITINSPIN,Index
NITIRAJ,Index
NKIND,Index
NOIDATOLL,Index
NORBTEAEXP,Index
NORTHARC,Index
NOVAAGRI,Index
NPST,Index
NRAIL,Index
NRBBEARING,Index
NRL,Index
NSIL,Index
NUCLEUS,Index
NURECA,Index
OAL,Index
OBCL,Index
OCCL,Index
OCCLLTD,Index
ODIGMA,Index
OILCOUNTUB,Index
OMAXAUTO,Index
OMAXE,Index
OMINFRAL,Index
ONELIFECAP,Index
ONEPOINT,Index
ONESOURCE,Index
ONMOBILE,Index
ONWARDTEC,Index
ORBTEXP,Index
ORCHASP,Index
ORICONENT,Index
ORIENTALTL,Index
ORIENTBELL,Index
ORIENTCER,Index
ORIENTELEC,Index
ORIENTHOT,Index
ORIENTLTD,Index
ORIENTPPR,Index
ORIENTTECH,Index
ORTINGLOBE,Index
OSIAHYPER,Index
OSWALAGRO,Index
OSWALGREEN,Index
OSWALPUMPS,Index
OSWALSEEDS,Index
PAKKA,Index
PALASHSECU,Index
PALREDTEC,Index
PANACEABIO,Index
PANACHE,Index
PANAMAPET,Index
PANSARI,Index
PAR,Index
PARACABLES,Index
PARAGMILK,Index
PARASPETRO,Index
PARSVNATH,Index
PASUPTAC,Index
PATINTLOG,Index
PAVNAIND,Index
PDMJEPAPER,Index
PDSL,Index
PEARLPOLY,Index
PENIND,Index
PENINLAND,Index
PFOCUS,Index
PFS,Index
PGHH,Index
PGHL,Index
PICCADIL,Index
PIGL,Index
PILANIINVS,Index
PILITA,Index
PIONEEREMB,Index
PITTIENG,Index
PIXTRANS,Index
PKTEA,Index
PLASTIBLEN,Index
PLATIND,Index
PLAZACABLE,Index
PNBGILTS,Index
PNC,Index
POCL,Index
PODDARMENT,Index
POKARNA,Index
PONNIERODE,Index
PPAP,Index
PPL,Index
PRABHA,Index
PRAENG,Index
PRAKASH,Index
PRAKASHSTL,Index
PRAXIS,Index
PRECAM,Index
PRECOT,Index
PRECWIRE,Index
PREMEXPLN,Index
PREMIER,Index
PREMIERPOL,Index
PRIMESECU,Index
PRIMO,Index
PRITI,Index
PRITIKAUTO,Index
PRIVISCL,Index
PROSTARM,Index
PROTEAN,Index
PROZONER,Index
PRUDMOULI,Index
PSB,Index
PSPPROJECT,Index
PTL,Index
PUNJABCHEM,Index
PURVA,Index
PVP,Index
PVSL,Index
PYRAMID,Index
QPOWER,Index
QUADFUTURE,Index
QUESS,Index
QUICKHEAL,Index
RACE,Index
RACLGEAR,Index
RADAAN,Index
RADHIKAJWE,Index
RADIANTCMS,Index
RADIOCITY,Index
RAJMET,Index
RAJOOENG,Index
RAJRATAN,Index
RAJRILTD,Index
RAJSREESUG,Index
RAJTV,Index
RAMANEWS,Index
RAMAPHO,Index
RAMASTEEL,Index
RAMCOIND,Index
RAMCOSYS,Index
RAMKY,Index
RAMRAT,Index
RANASUG,Index
RANEHOLDIN,Index
RATNAMANI,Index
RATNAVEER,Index
RBZJEWEL,Index
REGENCERAM,Index
RELAXO,Index
RELCHEMQ,Index
RELIABLE,Index
RELTD,Index
REMSONSIND,Index
REPCOHOME,Index
REPL,Index
REPRO,Index
RETAIL,Index
RGL,Index
RHFL,Index
RHL,Index
RICOAUTO,Index
RIIL,Index
RISHABH,Index
RITCO,Index
RKDL,Index
RKEC,Index
RKSWAMY,Index
RML,Index
ROHLTD,Index
ROLEXRINGS,Index
ROLLT,Index
ROLTA,Index
ROML,Index
ROSSELLIND,Index
ROSSTECH,Index
ROTO,Index
RPEL,Index
RPGLIFE,Index
RPPINFRA,Index
RPPL,Index
RPSGVENT,Index
RPTECH,Index
RSSOFTWARE,Index
RSWM,Index
RSYSTEMS,Index
RUBFILA,Index
RUBYMILLS,Index
RUCHINFRA,Index
RUCHIRA,Index
RUPA,Index
RUSHIL,Index
RUSTOMJEE,Index
RVHL,Index
RVTH,Index
S&SPOWER,Index
SABEVENTS,Index
SABTNL,Index
SADBHAV,Index
SADBHIN,Index
SADHNANIQ,Index
SAGARDEEP,Index
SAGCEM,Index
SAH,Index
SAHYADRI,Index
SAKAR,Index
SAKHTISUG,Index
SAKSOFT,Index
SAKUMA,Index
SALASAR,Index
SALONA,Index
SALSTEEL,Index
SALZERELEC,Index
SAMBHAAV,Index
SAMBHV,Index
SAMPANN,Index
SANATHAN,Index
SANDESH,Index
SANDHAR,Index
SANDUMA,Index
SANGAMIND,Index
SANGHIIND,Index
SANGHVIMOV,Index
SANGINITA,Index
SANSTAR,Index
SANWARIA,Index
SARLAPOLY,Index
SARVESHWAR,Index
SASKEN,Index
SASTASUNDR,Index
SATIA,Index
SATIN,Index
SAURASHCEM,Index
SBC,Index
SBGLP,Index
SCHAND,Index
SCILAL,Index
SCODATUBES,Index
SCPL,Index
SDBL,Index
SEAMECLTD,Index
SECMARK,Index
SECURKLOUD,Index
SEJALLTD,Index
SELAN,Index
SELMC,Index
SEMAC,Index
SENORES,Index
SEPC,Index
SERVOTECH,Index
SESHAPAPER,Index
SETCO,Index
SETUINFRA,Index
SGIL,Index
SGL,Index
SGLTL,Index
SHAH,Index
SHAHALLOYS,Index
SHALBY,Index
SHALPAINTS,Index
SHANKARA,Index
SHANTI,Index
SHANTIGEAR,Index
SHARDAMOTR,Index
SHEKHAWATI,Index
SHEMAROO,Index
SHIVALIK,Index
SHIVAMAUTO,Index
SHIVAMILLS,Index
SHIVATEX,Index
SHK,Index
SHRADHA,Index
SHREDIGCEM,Index
SHREEPUSHK,Index
SHREERAMA,Index
SHRENIK,Index
SHREYANIND,Index
SHRIRAMPPS,Index
SHYAMCENT,Index
SHYAMTEL,Index
SICALLOG,Index
SIGACHI,Index
SIGIND,Index
SIGMA,Index
SIGNPOST,Index
SIKKO,Index
SIL,Index
SILGO,Index
SILINV,Index
SILLYMONKS,Index
SILVERTUC,Index
SIMBHALS,Index
SIMPLEXINF,Index
SINCLAIR,Index
SINDHUTRAD,Index
SINTERCOM,Index
SIRCA,Index
SIS,Index
SITINET,Index
SIYSIL,Index
SJS,Index
SKMEGGPROD,Index
SKYGOLD,Index
SMARTLINK,Index
SMCGLOBAL,Index
SMLISUZU,Index
SMLT,Index
SMSLIFE,Index
SMSPHARMA,Index
SNOWMAN,Index
SOFTTECH,Index
SOLARA,Index
SOMANYCERA,Index
SOMATEX,Index
SOMICONVEY,Index
SONAMLTD,Index
SOTL,Index
SOUTHWEST,Index
SPAL,Index
SPCENET,Index
SPECIALITY,Index
SPECTRUM,Index
SPENCERS,Index
SPIC,Index
SPLIL,Index
SPLPETRO,Index
SPMLINFRA,Index
SPORTKING,Index
SRD,Index
SREEL,Index
SRGHFL,Index
SRHHYPOLTD,Index
SRM,Index
SRPL,Index
SSDL,Index
SSWL,Index
STALLION,Index
STANLEY,Index
STARPAPER,Index
STARTECK,Index
STCINDIA,Index
STEELCAS,Index
STEELCITY,Index
STEELXIND,Index
STEL,Index
STERTOOLS,Index
STOVEKRAFT,Index
STYLEBAAZA,Index
STYRENIX,Index
SUBEXLTD,Index
SUKHJITS,Index
SUMEETINDS,Index
SUMIT,Index
SUMMITSEC,Index
SUNCLAY,Index
SUNDARAM,Index
SUNDARMHLD,Index
SUNDRMBRAK,Index
SUNDROP,Index
SUPERHOUSE,Index
SUPERSPIN,Index
SUPREME,Index
SUPREMEINF,Index
SURAJEST,Index
SURAJLTD,Index
SURAKSHA,Index
SURANASOL,Index
SURANAT&P,Index
SURYALAXMI,Index
SURYODAY,Index
SUTLEJTEX,Index
SUVEN,Index
SUVIDHAA,Index
SUYOG,Index
SVLL,Index
SVPGLOB,Index
SWANDEF,Index
SWARAJENG,Index
SWELECTES,Index
SYNCOMF,Index
TAINWALCHM,Index
TAJGVK,Index
TAKE,Index
TALBROAUTO,Index
TARACHAND,Index
TARAPUR,Index
TARMAT,Index
TARSONS,Index
TASTYBITE,Index
TATVA,Index
TBZ,Index
TCI,Index
TCIEXP,Index
TCIFINANCE,Index
TCPLPACK,Index
TECILCHEM,Index
TEMBO,Index
TERASOFT,Index
TEXINFRA,Index
TEXMOPIPES,Index
TFCILTD,Index
TFL,Index
TGBHOTELS,Index
THEINVEST,Index
THEJO,Index
THELEELA,Index
THEMISMED,Index
THOMASCOTT,Index
THYROCARE,Index
TICL,Index
TIJARIA,Index
TIL,Index
TIMESGTY,Index
TINNARUBR,Index
TIPSFILMS,Index
TIRUPATIFL,Index
TMB,Index
TNPETRO,Index
TNPL,Index
TNTELE,Index
TOKYOPLAST,Index
TOLINS,Index
TOTAL,Index
TOUCHWOOD,Index
TPHQ,Index
TPLPLASTEH,Index
TRACXN,Index
TRANSWORLD,Index
TREEHOUSE,Index
TREJHARA,Index
TREL,Index
TRF,Index
TRIGYN,Index
TRU,Index
TTKHLTCARE,Index
TTKPRESTIG,Index
TTL,Index
TVSELECT,Index
TVSHLTD,Index
TVSSRICHAK,Index
TVTODAY,Index
TVVISION,Index
UCAL,Index
UDAICEMENT,Index
UDS,Index
UFLEX,Index
UFO,Index
UGARSUGAR,Index
UGROCAP,Index
UMAEXPORTS,Index
UMESLTD,Index
UMIYA-MRO,Index
UNICHEMLAB,Index
UNIDT,Index
UNIECOM,Index
UNIENTER,Index
UNIINFO,Index
UNIPARTS,Index
UNITECH,Index
UNITEDPOLY,Index
UNITEDTEA,Index
UNIVASTU,Index
UNIVCABLES,Index
UNIVPHOTO,Index
URAVIDEF,Index
URJA,Index
USK,Index
UTKARSHBNK,Index
UTTAMSUGAR,Index
UYFINCORP,Index
V2RETAIL,Index
VADILALIND,Index
VAISHALI,Index
VAKRANGEE,Index
VALIANTLAB,Index
VALIANTORG,Index
VARDHACRLC,Index
VARDMNPOLY,Index
VASCONEQ,Index
VASWANI,Index
VCL,Index
VEEDOL,Index
VENKEYS,Index
VENUSREM,Index
VERANDA,Index
VETO,Index
VHL,Index
VHLTD,Index
VIDHIING,Index
VIJIFIN,Index
VIKASECO,Index
VIKASLIFE,Index
VIMTALABS,Index
VINATIORGA,Index
VINCOFE,Index
VINDHYATEL,Index
VINEETLAB,Index
VINNY,Index
VINYLINDIA,Index
VIPCLOTHNG,Index
VIPULLTD,Index
VIRINCHI,Index
VISAKAIND,Index
VISASTEEL,Index
VISHNU,Index
VISHWARAJ,Index
VIVIDHA,Index
VLEGOV,Index
VLSFINANCE,Index
VPRPL,Index
VRAJ,Index
VRLLOG,Index
VSSL,Index
VSTL,Index
VSTTILLERS,Index
WAAREERTL,Index
WALCHANNAG,Index
WANBURY,Index
WCIL,Index
WEALTH,Index
WEIZMANIND,Index
WEL,Index
WELINV,Index
WENDT,Index
WEWIN,Index
WHEELS,Index
WILLAMAGOR,Index
WINDLAS,Index
WINDMACHIN,Index
WINSOME,Index
WIPL,Index
WORTH,Index
WSI,Index
WSTCSTPAPR,Index
XCHANGING,Index
XELPMOC,Index
XPROINDIA,Index
XTGLOBAL,Index
YAARI,Index
YASHO,Index
YATRA,Index
YUKEN,Index
ZEELEARN,Index
ZEEMEDIA,Index
ZENITHEXPO,Index
ZENITHSTL,Index
ZIMLAB,Index
ZODIAC,Index
ZODIACLOTH,Index
ZOTA,Index
ZUARI,Index
ZUARIIND,Index
